{
  "mean_cv_accuracy": 0.26666666666666666,
  "std_cv_accuracy": 0.24944382578492943,
  "train_accuracy": 0.7142857142857143,
  "classification_report": {
    "beginner": {
      "precision": 1.0,
      "recall": 0.25,
      "f1-score": 0.4,
      "support": 4.0
    },
    "intermediate": {
      "precision": 0.7777777777777778,
      "recall": 0.875,
      "f1-score": 0.8235294117647058,
      "support": 8.0
    },
    "pro": {
      "precision": 0.5,
      "recall": 1.0,
      "f1-score": 0.6666666666666666,
      "support": 2.0
    },
    "accuracy": 0.7142857142857143,
    "macro avg": {
      "precision": 0.7592592592592592,
      "recall": 0.7083333333333334,
      "f1-score": 0.6300653594771242,
      "support": 14.0
    },
    "weighted avg": {
      "precision": 0.8015873015873015,
      "recall": 0.7142857142857143,
      "f1-score": 0.6801120448179272,
      "support": 14.0
    }
  },
  "uses_xgboost": true,
  "num_samples": 14
}